,model,R2,rmse,mse,mae,mape
0,CNN_LSTM,-1.1752956595275452,49.563598804628185,2456.55032646614,48.457794189453125,0.0663176005510338
